2.0.0,7f9f1fcb8697fb33f0edc2c391930a3728d247d7
2.0.1,e3cfeebcefe9a19c5055afdcbb00646908340694
2.1.0,f2ad5582d15a0208ec22cb587c0c0156fbebe431
2.1.1,230103533358a2c0174adeb9a48aac0c04af47a3
2.2.0,1ed1f2807d411bf14357750adf4a57d6d7bfb62a
2.3.0,6f4c35c9e904d226451c465effdc5bfd31d395a0
2.3.1,bfa51ac70aa3e220003f9fa717bf3a00da3c2940
2.3.2,2fa7a6344bf323e2e8d730896871d775e6c103fd
2.3.3,d3fa8e0c5ac1de9f199c3df9961462d0bf819a92
2.3.4,56acdd2120b9ce6790185c679223b8b5e884aaf2
2.3.5,9945e1e8190382cb73e96ebbf7339f5532292a06
2.3.6,f245cb50ff651f50c5f222c54991e1acf386e50e
2.3.7,cb213d88304034393d68cc31a95be24f5aac62b6
2.3.8,f1e87137034e4ecbe39a859d4ef44319800016d7
2.3.9,92dd0159f440ca7863be3232f3a683a510a62b9d
3.0.0,ce61711a5fa54ab34fc74d86d521ecaeea6b072a
3.1.0,bcc7df95824831a8d2f1524e4048dfc23ab98c19
3.1.1,f4e0529634b6231a0072295da48af466cf2f10b7
3.1.2,8190d2be7b7165effa62bd21b7d60ef81fb0e4af
3.1.3,4df4d75bf1e16fe0af75aad0b4179c34c07fc975
