2.0.0,8334568281cbb4465f7fdea1a04772422f1a355f
2.0.1,2d1039829a4a6b0978e423fbefabce22568ef8a2
2.1.0,b34bfce1576fc46ae55a5fb20d12fc766d029549
2.1.1,b920fa735ea7910af228a4c327168b11b73424f3
2.2.0,88da2382953ca8b7a608331772ccaba3f53ef1d5
2.3.0,63c2025b7c2b6973b3bc0d0bfd1dc7662afbbdf2
2.3.1,152ee221ec7c57fc72213f68b5dc61cb4a53dfe1
2.3.2,66c013305ef04dbd2ebcfe2d36a5a69597923fb2
2.3.3,6ba33b84c33e16feaa2d0683b44c35e97a6e4cb9
2.3.4,6d713b6564ecb9d1ae0db66c3742d2a8bc347211
2.3.5,af97e841d2ce091670c9a6554c8c92f963e79806
2.3.6,db59ec6ecf57dad72588b7593fb516c3e810b5a2
2.3.7,bc225fcb0cd9c21ba38a466f98488b74d6c83d13
2.3.8,89073a94354f0cc14ec4ae0a43e05aae29276b4d
2.3.9,32730b0370c6d9b5eccc3fdaa18ab9d3212c4fa2
3.0.0,cb2d710556c84473d453e08c654cc2de0242a041
3.1.0,83e53972c07df8b7d9a01ad14dda5cb550406e87
3.1.1,08349b1e9ec97c9af8c02515c395f9b44f654d0a
3.1.2,ece9a54b78e41e2acfe9cd5df45fcddf3a4b05ab
3.1.3,e8f3a6cdc22c6a4681af2ea5763c80a5b76e310b
4.0.0,a6e93633dc15aba179fb6ad422be4cbc88adf071
